Workbook

Sheet logit
A1: y | B1: x1 | C1: x2 | D1: Logit | E1: eLogit | F1: Probability | G1: lnLikelihood
A2: 0 | B2: 14.44 | C2: 13.93 | D2: =$B$23+$B$24*B2+$B$25*C2 -> 0.02937 | E2: =EXP(D2) -> 1.0298056 | F2: =IF(A2=1,E2/(1+E2),1-(E2/(1+E2))) -> 0.49265803 | G2: =LN(F2) -> -0.70794
A3: 1 | B3: 18.45 | C3: 3.16 | D3: =$B$23+$B$24*B3+$B$25*C3 -> 0.02261 | E3: =EXP(D3) -> 1.0228675 | F3: =IF(A3=1,E3/(1+E3),1-(E3/(1+E3))) -> 0.50565226 | G3: =LN(F3) -> -0.68190608
A4: 0 | B4: 5.45 | C4: 8.51 | D4: =$B$23+$B$24*B4+$B$25*C4 -> 0.01496 | E4: =EXP(D4) -> 1.0150725 | F4: =IF(A4=1,E4/(1+E4),1-(E4/(1+E4))) -> 0.49626007 | G4: =LN(F4) -> -0.70065516
A5: 0 | B5: 10.77 | C5: 10.04 | D5: =$B$23+$B$24*B5+$B$25*C5 -> 0.02181 | E5: =EXP(D5) -> 1.0220496 | F5: =IF(A5=1,E5/(1+E5),1-(E5/(1+E5))) -> 0.49454772 | G5: =LN(F5) -> -0.70411164
A6: 0 | B6: 11.21 | C6: 10.02 | D6: =$B$23+$B$24*B6+$B$25*C6 -> 0.02223 | E6: =EXP(D6) -> 1.0224789 | F6: =IF(A6=1,E6/(1+E6),1-(E6/(1+E6))) -> 0.49444273 | G6: =LN(F6) -> -0.70432395
A7: 0 | B7: 8.31 | C7: 9.5 | D7: =$B$23+$B$24*B7+$B$25*C7 -> 0.01881 | E7: =EXP(D7) -> 1.018988 | F7: =IF(A7=1,E7/(1+E7),1-(E7/(1+E7))) -> 0.49529764 | G7: =LN(F7) -> -0.70259641
A8: 0 | B8: 13.09 | C8: 2.66 | D8: =$B$23+$B$24*B8+$B$25*C8 -> 0.01675 | E8: =EXP(D8) -> 1.0168911 | F8: =IF(A8=1,E8/(1+E8),1-(E8/(1+E8))) -> 0.4958126 | G8: =LN(F8) -> -0.70155725
A9: 0 | B9: 19.72 | C9: 9.61 | D9: =$B$23+$B$24*B9+$B$25*C9 -> 0.03033 | E9: =EXP(D9) -> 1.0307946 | F9: =IF(A9=1,E9/(1+E9),1-(E9/(1+E9))) -> 0.49241808 | G9: =LN(F9) -> -0.70842716
A10: 1 | B10: 18.06 | C10: 9.24 | D10: =$B$23+$B$24*B10+$B$25*C10 -> 0.0283 | E10: =EXP(D10) -> 1.0287042 | F10: =IF(A10=1,E10/(1+E10),1-(E10/(1+E10))) -> 0.50707453 | G10: =LN(F10) -> -0.67909729
A11: 0 | B11: 8.13 | C11: 9.32 | D11: =$B$23+$B$24*B11+$B$25*C11 -> 0.01845 | E11: =EXP(D11) -> 1.0186213 | F11: =IF(A11=1,E11/(1+E11),1-(E11/(1+E11))) -> 0.49538763 | G11: =LN(F11) -> -0.70241473
A12: 0 | B12: 6.26 | C12: 4.19 | D12: =$B$23+$B$24*B12+$B$25*C12 -> 0.01145 | E12: =EXP(D12) -> 1.0115158 | F12: =IF(A12=1,E12/(1+E12),1-(E12/(1+E12))) -> 0.49713753 | G12: =LN(F12) -> -0.69888857
A13: 0 | B13: 5.31 | C13: 10.89 | D13: =$B$23+$B$24*B13+$B$25*C13 -> 0.0172 | E13: =EXP(D13) -> 1.0173488 | F13: =IF(A13=1,E13/(1+E13),1-(E13/(1+E13))) -> 0.49570011 | G13: =LN(F13) -> -0.70178416
... A21: 0 | B21: 4.59 | C21: 8.08 | D21: =$B$23+$B$24*B21+$B$25*C21 -> 0.01367 | E21: =EXP(D21) -> 1.0137639 | F21: =IF(A21=1,E21/(1+E21),1-(E21/(1+E21))) -> 0.49658255 | G21: =LN(F21) -> -0.70000554
G22: =SUM($G$2:$G$21) -> -13.938508
A23: b0 | B23: 0.001 | D23: -0.892
A24: b1 | B24: 0.001 | D24: 0.205
A25: b2 | B25: 0.001 | D25: -0.311

Sheet __OpenSolverCache__

Sheet __OpenSolver__
A1: =modelsheet=logit!A:Z -> #NAME?
A2: =opensolver_adjnum=1 -> #NAME?
A3: =opensolver_chosensolver=neoscbc -> #NAME?
A4: =opensolver_fastbuild=0 -> #NAME?
A5: =opensolver_linearitycheck=0 -> #NAME?
A6: =solver_adj=logit!B23:B25 -> #NAME?
A7: =solver_neg=0 -> #NAME?
A8: =solver_num=0 -> #NAME?
A9: =solver_opt=logit!G22 -> #NAME?
A10: =solver_sho=1 -> #NAME?
A11: =solver_typ=1 -> #NAME?
A12: =solver_val=0 -> #NAME?

Sheet chi-square
A1: O | B1: f | C1: m | D1: T | F1: E | G1: f | H1: m | I1: T | K1: χ2
A2: s | B2: 20 | C2: 6 | D2: =SUM(B2:C2) -> 26 | F2: s | G2: =$D2/$D4*B4 -> 17.875 | H2: =$D2/$D4*C4 -> 8.125 | I2: =SUM(G2:H2) -> 26 | L2: =(B2-G2)^2/G2 -> 0.25262238 | M2: =(C2-H2)^2/H2 -> 0.55576923
A3: b | B3: 2 | C3: 4 | D3: =SUM(B3:C3) -> 6 | F3: b | G3: =$D3/$D4*B4 -> 4.125 | H3: =$D3/$D4*C4 -> 1.875 | I3: =SUM(G3:H3) -> 6 | L3: =(B3-G3)^2/G3 -> 1.094697 | M3: =(C3-H3)^2/H3 -> 2.4083333
A4: T | B4: =SUM(B2:B3) -> 22 | C4: =SUM(C2:C3) -> 10 | D4: =SUM(D2:D3) -> 32 | F4: t | G4: =SUM(G2:G3) -> 22 | H4: =SUM(H2:H3) -> 10 | I4: =SUM(I2:I3) -> 32
D6: Test of Independence (Chi-Square)
D7: Alpha | E7: 0.05
D8: df | E8: =(COLUMNS('chi-square'!$B$2:$C$3) - 1) * (ROWS('chi-square'!$B$2:$C$3) - 1) -> 1
D9: P-value | E9: =CHITEST('chi-square'!$B$2:$C$3, MMULT(MMULT('chi-square'!$B$2:$C$3,TRANSPOSE(IF(COLUMN('chi-square'!$B$2:$C$3),TRUE()))),MMULT(TRANSPOSE(IF(ROW('chi-square'!$B$2:$C$3),TRUE())),'chi-square'!$B$2:$C$3)) / SUM('chi-square'!$B$2:$C$3)) -> 0.037857306
D10: Test Statistic | E10: =CHIINV('chi-square'!$E$9, 'chi-square'!$E$8) -> 4.3114219 | L10: =SUM(L2:M3) -> 4.3114219
D11: Critical Value | E11: =CHIINV('chi-square'!$E$7, 'chi-square'!$E$8) -> 3.8414588
D14: Test of Independence (Chi-Square)
D15: Alpha | E15: 0.05
D16: df | E16: =(COLUMNS('chi-square'!$B$2:$C$3) - 1) * (ROWS('chi-square'!$B$2:$C$3) - 1) -> 1
D17: P-value | E17: =CHITEST('chi-square'!$B$2:$C$3, MMULT(MMULT('chi-square'!$B$2:$C$3,TRANSPOSE(IF(COLUMN('chi-square'!$B$2:$C$3),TRUE()))),MMULT(TRANSPOSE(IF(ROW('chi-square'!$B$2:$C$3),TRUE())),'chi-square'!$B$2:$C$3)) / SUM('chi-square'!$B$2:$C$3)) -> 0.037857306
D18: Test Statistic | E18: =CHIINV('chi-square'!$E$17, 'chi-square'!$E$16) -> 4.3114219
D19: Critical Value | E19: =CHIINV('chi-square'!$E$15, 'chi-square'!$E$16) -> 3.8414588
